id,title,address,city,state,zipCode
1,Stroman Inc,44 Londonderry Lane,Honolulu,HI,96840
2,Mills Group,85 Warbler Road,Fort Lauderdale,FL,33345
3,"Flatley, Runolfsson and Goyette",7 Mosinee Way,Denver,CO,80243
4,Medhurst-McKenzie,8842 Oxford Crossing,Everett,WA,98206
5,Hegmann-Kreiger,4 Claremont Park,Detroit,MI,48211
6,Mueller-Weissnat,54 Superior Hill,Portland,OR,97255
7,Roob Inc,1419 Summer Ridge Alley,Amarillo,TX,79105
8,Block-Thompson,6 Jay Place,Pasadena,CA,91125
9,Haag and Sons,648 Hermina Court,Arlington,TX,76004
10,Kulas Inc,0 Linden Drive,Hartford,CT,06140
11,Ullrich Group,71 Vera Crossing,Houston,TX,77070
12,"Breitenberg, Bergnaum and Franecki",7055 Acker Point,Topeka,KS,66622
13,"Bernier, Schaefer and Schiller",66 Vernon Hill,Richmond,VA,23272
14,Beer LLC,0 Hovde Lane,Denver,CO,80291
15,"Stamm, Zieme and Lehner",6983 Toban Place,Boise,ID,83757
16,"Nitzsche, Kreiger and Beatty",627 Loeprich Street,Los Angeles,CA,90035
17,Hyatt Group,33 Mosinee Road,Chicago,IL,60663
18,"Gutkowski, Klein and Fay",2378 Hintze Trail,Fort Worth,TX,76115
19,Eichmann-Runte,4 West Road,Omaha,NE,68164
20,"McClure, Zieme and Tromp",61253 Morning Place,Hartford,CT,06160
